id;photo;photo_content_type;nom;prenom;sexe;date_naissance;lieu_naissance;tel;adresse
1;../fake-data/blob/hipster.png;image/png;Salad;digital;F;2021-03-25;Handcrafted Fresh Chips;Buckinghamshire;Handmade Metal Bike Future
2;../fake-data/blob/hipster.png;image/png;Steel Home Loan Account Malagasy Ariary;Steel fuchsia;M;2021-03-25;calculating Developer Buckinghamshire;complexity Forward Canadian Dollar;channels Alabama
3;../fake-data/blob/hipster.png;image/png;index Principal;Parkways scalable neural;M;2021-03-24;technologies Generic Plastic Shirt mobile;Oregon Ameliorated HTTP;Malagasy Ariary
4;../fake-data/blob/hipster.png;image/png;incubate;Computer connecting groupware;M;2021-03-25;Bacon Integration;National architectures Generic;salmon
5;../fake-data/blob/hipster.png;image/png;plug-and-play;Bedfordshire Bedfordshire;M;2021-03-25;Colorado;Moldova;content quantifying Response
6;../fake-data/blob/hipster.png;image/png;green Sleek;utilisation Ergonomic Plastic;M;2021-03-25;purple groupware;blue deposit;Web
7;../fake-data/blob/hipster.png;image/png;Pound Sterling Tuna;needs-based;F;2021-03-25;indexing Accountability;cross-media Illinois Representative;Avon transmitting Total
8;../fake-data/blob/hipster.png;image/png;integrated copy bypassing;Customer;M;2021-03-25;Berkshire synergize;Phased Product;Metal Global Ball
9;../fake-data/blob/hipster.png;image/png;payment;Curve Pants;M;2021-03-24;Officer Agent Advanced;green Cuban Peso Peso Convertible Officer;holistic multi-byte
10;../fake-data/blob/hipster.png;image/png;orchid heuristic;syndicate input Steel;F;2021-03-25;model Generic;Florida;encompassing
